/*Player Table Values*/
INSERT INTO PLAYER VALUES
('00000000', 'Lauri Markkanen', 84, 240, 10, 2, 4, 4, 1, 1, 0);
INSERT INTO PLAYER VALUES
('00000001', 'Wendell Carter Jr.', 81, 270, 6, 2, 11, 3, 1, 3, 0);
INSERT INTO PLAYER VALUES
('00000002', 'Kris Dunn', 75, 205, 3, 3, 3, 3, 1, 1, 1);
INSERT INTO PLAYER VALUES
('00000003', 'Zach Lavine', 78, 200, 12, 2, 8, 0, 2, 1, 0);
INSERT INTO PLAYER VALUES
('00000004', 'Tomas Satoransky', 79, 210, 7, 3, 3, 3, 2, 0, 0);
INSERT INTO PLAYER VALUES
('00000005', 'Thaddeus Young', 80, 235, 10, 2, 5, 0, 1, 1, 0);
INSERT INTO PLAYER VALUES
('00000006', 'Daniel Gafford', 82, 234, 4, 0, 2, 2, 0, 0, 6);
INSERT INTO PLAYER VALUES
('00000007', 'Ryan Arcidiacono', 75, 195, 12, 1, 3, 2, 0, 1, 0);
INSERT INTO PLAYER VALUES
('00000008', 'Coby White', 76, 195, 3, 3, 3, 1, 2, 2, 0);
INSERT INTO PLAYER VALUES
('00000009', 'Denzel Valentine', 76, 220, 6, 2, 3, 2, 2, 1, 0);
INSERT INTO PLAYER VALUES
('00000010', 'PJ Washington', 79, 230, 13, 2, 10, 2, 2, 1, 3);
INSERT INTO PLAYER VALUES
('00000011', 'Miles Bridges', 78, 225, 13, 1, 9, 3, 3, 1, 1);
INSERT INTO PLAYER VALUES
('00000012', 'Bismack Biyombo', 80, 255, 12, 1, 9, 2, 0, 0, 1);
INSERT INTO PLAYER VALUES
('00000013', 'Terry Rozier', 73, 190, 11, 5, 8, 3, 3, 2, 0);
INSERT INTO PLAYER VALUES
('00000014', 'Devonte Graham', 73, 195, 16, 7, 5, 3, 7, 3, 0);
INSERT INTO PLAYER VALUES
('00000015', 'Michael Kidd-Gilchrist', 78, 230, 2, 1, 7, 1, 2, 0, 0);
INSERT INTO PLAYER VALUES
('00000016', 'Cody Martin', 77, 205, 3, 0, 2, 0, 2, 1, 0);
INSERT INTO PLAYER VALUES
('00000017', 'Cody Zeller', 84, 240, 11, 2, 10, 1, 0, 0, 0);
INSERT INTO PLAYER VALUES
('00000018', 'Malik Monk', 75, 200, 2, 2, 0, 1, 1, 1, 0);


/*Points Table Values*/
INSERT INTO POINTS VALUES
('00000000', 2, 4);
INSERT INTO POINTS VALUES
('00000000', 2, 5);
INSERT INTO POINTS VALUES
('00000000', 3, 22);
INSERT INTO POINTS VALUES
('00000000', 3, 25);
INSERT INTO POINTS VALUES
('00000001', 2, 31);
INSERT INTO POINTS VALUES
('00000001', 1, 45);
INSERT INTO POINTS VALUES
('00000001', 1, 45);
INSERT INTO POINTS VALUES
('00000001', 2, 46);
INSERT INTO POINTS VALUES
('00000002', 1, 25);
INSERT INTO POINTS VALUES
('00000002', 2, 43);
INSERT INTO POINTS VALUES
('00000003', 2, 7);
INSERT INTO POINTS VALUES
('00000003', 3, 19);
INSERT INTO POINTS VALUES
('00000003', 1, 22);
INSERT INTO POINTS VALUES
('00000003', 1, 22);
INSERT INTO POINTS VALUES
('00000003', 1, 22);
INSERT INTO POINTS VALUES
('00000003', 2, 24);
INSERT INTO POINTS VALUES
('00000003', 2, 46);
INSERT INTO POINTS VALUES
('00000004', 2, 4);
INSERT INTO POINTS VALUES
('00000004', 2, 8);
INSERT INTO POINTS VALUES
('00000004', 1, 24);
INSERT INTO POINTS VALUES
('00000004', 1, 24);
INSERT INTO POINTS VALUES
('00000004', 1, 24);
INSERT INTO POINTS VALUES
('00000005', 2, 9);
INSERT INTO POINTS VALUES
('00000005', 2, 13);
INSERT INTO POINTS VALUES
('00000005', 2, 33);
INSERT INTO POINTS VALUES
('00000005', 2, 38);
INSERT INTO POINTS VALUES
('00000005', 2, 41);
INSERT INTO POINTS VALUES
('00000006', 2, 20);
INSERT INTO POINTS VALUES
('00000006', 2, 36);
INSERT INTO POINTS VALUES
('00000007', 2, 16);
INSERT INTO POINTS VALUES
('00000007', 2, 38);
INSERT INTO POINTS VALUES
('00000007', 1, 38);
INSERT INTO POINTS VALUES
('00000007', 1, 38);
INSERT INTO POINTS VALUES
('00000007', 3, 42);
INSERT INTO POINTS VALUES
('00000007', 3, 48);
INSERT INTO POINTS VALUES
('00000008', 3, 11);
INSERT INTO POINTS VALUES
('00000009', 2, 15);
INSERT INTO POINTS VALUES
('00000009', 3, 17);
INSERT INTO POINTS VALUES
('00000009', 1, 37);
INSERT INTO POINTS VALUES
('00000010', 2, 7);
INSERT INTO POINTS VALUES
('00000010', 2, 15);
INSERT INTO POINTS VALUES
('00000010', 2, 21);
INSERT INTO POINTS VALUES
('00000010', 2, 26);
INSERT INTO POINTS VALUES
('00000010', 1, 35);
INSERT INTO POINTS VALUES
('00000010', 2, 37);
INSERT INTO POINTS VALUES
('00000010', 2, 47);
INSERT INTO POINTS VALUES
('00000011', 1, 2);
INSERT INTO POINTS VALUES
('00000011', 1, 2);
INSERT INTO POINTS VALUES
('00000011', 1, 19);
INSERT INTO POINTS VALUES
('00000011', 1, 19);
INSERT INTO POINTS VALUES
('00000011', 2, 26);
INSERT INTO POINTS VALUES
('00000011', 2, 40);
INSERT INTO POINTS VALUES
('00000011', 3, 45);
INSERT INTO POINTS VALUES
('00000011', 2, 46);
INSERT INTO POINTS VALUES
('00000012', 2, 1);
INSERT INTO POINTS VALUES
('00000012', 2, 2);
INSERT INTO POINTS VALUES
('00000012', 2, 5);
INSERT INTO POINTS VALUES
('00000012', 1, 6);
INSERT INTO POINTS VALUES
('00000012', 1, 6);
INSERT INTO POINTS VALUES
('00000012', 2, 14);
INSERT INTO POINTS VALUES
('00000012', 1, 17);
INSERT INTO POINTS VALUES
('00000012', 1, 18);
INSERT INTO POINTS VALUES
('00000013', 2, 3);
INSERT INTO POINTS VALUES
('00000013', 2, 22);
INSERT INTO POINTS VALUES
('00000013', 2, 28);
INSERT INTO POINTS VALUES
('00000013', 3, 44);
INSERT INTO POINTS VALUES
('00000013', 2, 47);
INSERT INTO POINTS VALUES
('00000014', 2, 16);
INSERT INTO POINTS VALUES
('00000014', 1, 20);
INSERT INTO POINTS VALUES
('00000014', 1, 20);
INSERT INTO POINTS VALUES
('00000014', 1, 27);
INSERT INTO POINTS VALUES
('00000014', 1, 27);
INSERT INTO POINTS VALUES
('00000014', 2, 32);
INSERT INTO POINTS VALUES
('00000014', 1, 33);
INSERT INTO POINTS VALUES
('00000014', 1, 33);
INSERT INTO POINTS VALUES
('00000014', 3, 39);
INSERT INTO POINTS VALUES
('00000014', 3, 45);
INSERT INTO POINTS VALUES
('00000015', 2, 19);
INSERT INTO POINTS VALUES
('00000016', 3, 9);
INSERT INTO POINTS VALUES
('00000017', 2, 7);
INSERT INTO POINTS VALUES
('00000017', 3, 10);
INSERT INTO POINTS VALUES
('00000017', 1, 11);
INSERT INTO POINTS VALUES
('00000017', 1, 11);
INSERT INTO POINTS VALUES
('00000017', 2, 34);
INSERT INTO POINTS VALUES
('00000017', 2, 48);
INSERT INTO POINTS VALUES
('00000018', 2, 16);


/*Assist Table Values*/
INSERT INTO ASSIST VALUES
('00000000', 32);
INSERT INTO ASSIST VALUES
('00000000', 46);
INSERT INTO ASSIST VALUES
('00000001', 4);
INSERT INTO ASSIST VALUES
('00000001', 8);

INSERT INTO ASSIST VALUES
('00000002', 24);
INSERT INTO ASSIST VALUES
('00000002', 25);
INSERT INTO ASSIST VALUES
('00000002', 42);


/*Rebound Table Values*/
INSERT INTO REBOUND VALUES
('00000000', 1);


/*Foul Table Values*/
INSERT INTO FOUL VALUES
('00000000', 5);
INSERT INTO FOUL VALUES
('00000000', 11);
INSERT INTO FOUL VALUES
('00000000', 45);
INSERT INTO FOUL VALUES
('00000000', 47);
INSERT INTO FOUL VALUES
('00000001', 6);
INSERT INTO FOUL VALUES
('00000001', 18);
INSERT INTO FOUL VALUES
('00000001', 18);
INSERT INTO FOUL VALUES
('00000002', 20);
INSERT INTO FOUL VALUES
('00000002', 27);
INSERT INTO FOUL VALUES
('00000002', 27);
INSERT INTO FOUL VALUES
('00000004', 2);
INSERT INTO FOUL VALUES
('00000004', 26);
INSERT INTO FOUL VALUES
('00000004', 33);
INSERT INTO FOUL VALUES
('00000006', 19);
INSERT INTO FOUL VALUES
('00000006', 33);
INSERT INTO FOUL VALUES
('00000007', 14);
INSERT INTO FOUL VALUES
('00000007', 45);
INSERT INTO FOUL VALUES
('00000008', 8);
INSERT INTO FOUL VALUES
('00000009', 17);
INSERT INTO FOUL VALUES
('00000009', 35);
INSERT INTO FOUL VALUES
('00000010', 25);
INSERT INTO FOUL VALUES
('00000010', 38);
INSERT INTO FOUL VALUES
('00000011', 9);
INSERT INTO FOUL VALUES
('00000011', 21);
INSERT INTO FOUL VALUES
('00000011', 22);
INSERT INTO FOUL VALUES
('00000012', 13);
INSERT INTO FOUL VALUES
('00000012', 8);
INSERT INTO FOUL VALUES
('00000013', 21);
INSERT INTO FOUL VALUES
('00000013', 30);
INSERT INTO FOUL VALUES
('00000013', 34);
INSERT INTO FOUL VALUES
('00000014', 24);
INSERT INTO FOUL VALUES
('00000014', 24);
INSERT INTO FOUL VALUES
('00000014', 34);
INSERT INTO FOUL VALUES
('00000015', 7);
INSERT INTO FOUL VALUES
('00000017', 45);
INSERT INTO FOUL VALUES
('00000018', 20);

/*Turnover Table Values*/
INSERT INTO TURNOVER VALUES
('00000000', 6);
INSERT INTO TURNOVER VALUES
('00000001', 44);
INSERT INTO TURNOVER VALUES
('00000002', 41);
INSERT INTO TURNOVER VALUES
('00000003', 21);
INSERT INTO TURNOVER VALUES
('00000003', 29);
INSERT INTO TURNOVER VALUES
('00000004', 3);
INSERT INTO TURNOVER VALUES
('00000004', 28);
INSERT INTO TURNOVER VALUES
('00000005', 44);
INSERT INTO TURNOVER VALUES
('00000008', 17);
INSERT INTO TURNOVER VALUES
('00000008', 36);
INSERT INTO TURNOVER VALUES
('00000009', 15);
INSERT INTO TURNOVER VALUES
('00000009', 39);
INSERT INTO TURNOVER VALUES
('00000010', 4);
INSERT INTO TURNOVER VALUES
('00000010', 38);
INSERT INTO TURNOVER VALUES
('00000011', 8);
INSERT INTO TURNOVER VALUES
('00000011', 21);
INSERT INTO TURNOVER VALUES
('00000011', 31);
INSERT INTO TURNOVER VALUES
('00000013', 4);
INSERT INTO TURNOVER VALUES
('00000013', 36);
INSERT INTO TURNOVER VALUES
('00000013', 48);
INSERT INTO TURNOVER VALUES
('00000014', 3);
INSERT INTO TURNOVER VALUES
('00000014', 13);
INSERT INTO TURNOVER VALUES
('00000014', 23);
INSERT INTO TURNOVER VALUES
('00000014', 25);
INSERT INTO TURNOVER VALUES
('00000014', 30);
INSERT INTO TURNOVER VALUES
('00000014', 38);
INSERT INTO TURNOVER VALUES
('00000014', 41);
INSERT INTO TURNOVER VALUES
('00000015', 9);
INSERT INTO TURNOVER VALUES
('00000015', 32);
INSERT INTO TURNOVER VALUES
('00000016', 8);
INSERT INTO TURNOVER VALUES
('00000016', 11);
INSERT INTO TURNOVER VALUES
('00000018', 15);


/*Steal Table Values*/
INSERT INTO STEAL VALUES
('00000000', 30);
INSERT INTO STEAL VALUES
('00000001', 4);
INSERT INTO STEAL VALUES
('00000001', 8);
INSERT INTO STEAL VALUES
('00000001', 48);
INSERT INTO STEAL VALUES
('00000002', 41);
INSERT INTO STEAL VALUES
('00000003', 23);
INSERT INTO STEAL VALUES
('00000005', 13);
INSERT INTO STEAL VALUES
('00000007', 38);
INSERT INTO STEAL VALUES
('00000008', 8);
INSERT INTO STEAL VALUES
('00000008', 31);
INSERT INTO STEAL VALUES
('00000009', 15);
INSERT INTO STEAL VALUES
('00000010', 15);
INSERT INTO STEAL VALUES
('00000011', 22);
INSERT INTO STEAL VALUES
('00000013', 3);
INSERT INTO STEAL VALUES
('00000013', 44);
INSERT INTO STEAL VALUES
('00000014', 21);
INSERT INTO STEAL VALUES
('00000014', 41);
INSERT INTO STEAL VALUES
('00000014', 44);
INSERT INTO STEAL VALUES
('00000016', 36);
INSERT INTO STEAL VALUES
('00000018', 17);


/*Block Table Values*/
INSERT INTO BLOCK VALUES
('00000002', 24);
INSERT INTO BLOCK VALUES
('00000006', 13);
INSERT INTO BLOCK VALUES
('00000006', 15);
INSERT INTO BLOCK VALUES
('00000006', 23);
INSERT INTO BLOCK VALUES
('00000006', 34);
INSERT INTO BLOCK VALUES
('00000006', 36);
INSERT INTO BLOCK VALUES
('00000006', 37);
INSERT INTO BLOCK VALUES
('00000010', 18);
INSERT INTO BLOCK VALUES
('00000010', 23);
INSERT INTO BLOCK VALUES
('00000010', 44);
INSERT INTO BLOCK VALUES
('00000011', 48);
INSERT INTO BLOCK VALUES
('00000012', 5);

