/*Player Table Values*/
INSERT INTO PLAYER VALUES
('00000000', 'Lauri Markkanen', 84, 240, 10, 2, 4, 4, 1, 1, 0);
INSERT INTO PLAYER VALUES
('00000001', 'Wendell Carter Jr.', 81, 270, 6, 2, 11, 3, 1, 3, 0);
INSERT INTO PLAYER VALUES
('00000002', 'Kris Dunn', 75, 205, 3, 3, 3, 3, 1, 1, 1);
INSERT INTO PLAYER VALUES
('00000003', 'Zach Lavine', 78, 200, 12, 2, 8, 0, 2, 1, 0);
INSERT INTO PLAYER VALUES
('00000004', 'Tomas Satoransky', 79, 210, 7, 3, 3, 3, 2, 0, 0);
INSERT INTO PLAYER VALUES
('00000005', 'Thaddeus Young', 80, 235, 10, 2, 5, 0, 1, 1, 0);
INSERT INTO PLAYER VALUES
('00000006', 'Daniel Gafford', 82, 234, 4, 0, 2, 2, 0, 0, 6);
INSERT INTO PLAYER VALUES
('00000007', 'Ryan Arcidiacono', 75, 195, 12, 1, 3, 2, 0, 1, 0);
INSERT INTO PLAYER VALUES
('00000008', 'Coby White', 76, 195, 3, 3, 3, 1, 2, 2, 0);
INSERT INTO PLAYER VALUES
('00000009', 'Denzel Valentine', 76, 220, 6, 2, 3, 2, 2, 1, 0);
INSERT INTO PLAYER VALUES
('00000010', 'PJ Washington', 79, 230, 13, 2, 10, 2, 2, 1, 3);
INSERT INTO PLAYER VALUES
('00000011', 'Miles Bridges', 78, 225, 13, 1, 9, 3, 3, 1, 1);
INSERT INTO PLAYER VALUES
('00000012', 'Bismack Biyombo', 80, 255, 12, 1, 9, 2, 0, 0, 1);
INSERT INTO PLAYER VALUES
('00000013', 'Terry Rozier', 73, 190, 11, 5, 8, 3, 3, 2, 0);
INSERT INTO PLAYER VALUES
('00000014', 'Devonte Graham', 73, 195, 16, 7, 5, 3, 7, 3, 0);
INSERT INTO PLAYER VALUES
('00000015', 'Michael Kidd-Gilchrist', 78, 230, 2, 1, 7, 1, 2, 0, 0);
INSERT INTO PLAYER VALUES
('00000016', 'Cody Martin', 77, 205, 3, 0, 2, 0, 2, 1, 0);
INSERT INTO PLAYER VALUES
('00000017', 'Cody Zeller', 84, 240, 11, 2, 10, 1, 0, 0, 0);
INSERT INTO PLAYER VALUES
('00000018', 'Malik Monk', 75, 200, 2, 2, 0, 1, 1, 1, 0);


/*Made Basket Table Values*/
INSERT INTO MADE_BASKET VALUES
('00000000', 'Lauri Markkanen');


/*Points Table Values*/
INSERT INTO POINTS VALUES
('00000000', 'Lauri Markkanen');


/*Rebound Table Values*/
INSERT INTO REBOUND VALUES
('00000000', 1);



/*Foul Table Values*/
INSERT INTO FOUL VALUES
('00000000', 5);
INSERT INTO FOUL VALUES
('00000000', 11);
INSERT INTO FOUL VALUES
('00000000', 45);
INSERT INTO FOUL VALUES
('00000000', 47);
INSERT INTO FOUL VALUES
('00000001', 6);
INSERT INTO FOUL VALUES
('00000001', 18);
INSERT INTO FOUL VALUES
('00000001', 18);
INSERT INTO FOUL VALUES
('00000002', 20);
INSERT INTO FOUL VALUES
('00000002', 27);
INSERT INTO FOUL VALUES
('00000002', 27);
INSERT INTO FOUL VALUES
('00000004', 2);
INSERT INTO FOUL VALUES
('00000004', 26);
INSERT INTO FOUL VALUES
('00000004', 33);
INSERT INTO FOUL VALUES
('00000006', 19);
INSERT INTO FOUL VALUES
('00000006', 33);
INSERT INTO FOUL VALUES
('00000007', 14);
INSERT INTO FOUL VALUES
('00000007', 45);
INSERT INTO FOUL VALUES
('00000008', 8);
INSERT INTO FOUL VALUES
('00000009', 17);
INSERT INTO FOUL VALUES
('00000009', 35);
INSERT INTO FOUL VALUES
('00000010', 25);
INSERT INTO FOUL VALUES
('00000010', 38);
INSERT INTO FOUL VALUES
('00000011', 9);
INSERT INTO FOUL VALUES
('00000011', 21);
INSERT INTO FOUL VALUES
('00000011', 22);
INSERT INTO FOUL VALUES
('00000012', 13);
INSERT INTO FOUL VALUES
('00000012', 8);
INSERT INTO FOUL VALUES
('00000013', 21);
INSERT INTO FOUL VALUES
('00000013', 30);
INSERT INTO FOUL VALUES
('00000013', 34);
INSERT INTO FOUL VALUES
('00000014', 24);
INSERT INTO FOUL VALUES
('00000014', 24);
INSERT INTO FOUL VALUES
('00000014', 34);
INSERT INTO FOUL VALUES
('00000015', 7);
INSERT INTO FOUL VALUES
('00000017', 45);
INSERT INTO FOUL VALUES
('00000018', 20);

/*Turnover Table Values*/
INSERT INTO TURNOVER VALUES
('00000000', 'Lauri Markkanen');


/*Steal Table Values*/
INSERT INTO STEAL VALUES
('00000000', 'Lauri Markkanen');


/*Block Table Values*/
INSERT INTO BLOCK VALUES
('00000002', 24);
INSERT INTO BLOCK VALUES
('00000006', 13);
INSERT INTO BLOCK VALUES
('00000006', 15);
INSERT INTO BLOCK VALUES
('00000006', 23);
INSERT INTO BLOCK VALUES
('00000006', 34);
INSERT INTO BLOCK VALUES
('00000006', 36);
INSERT INTO BLOCK VALUES
('00000006', 37);
INSERT INTO BLOCK VALUES
('00000010', 18);
INSERT INTO BLOCK VALUES
('00000010', 23);
INSERT INTO BLOCK VALUES
('00000010', 44);
INSERT INTO BLOCK VALUES
('00000011', 48);
INSERT INTO BLOCK VALUES
('00000012', 5);

